id,name,age,region
bdd640fb-0667-4ad1-9c80-317fa3b1799d,Daniel Doyle,58.0,North
8b9d2434-e465-4150-bd9c-66b3ad3c2d6d,Javier Johnson,19.0,East
9a1de644-815e-46d1-bb8f-aa1837f8a88b,Cristian Santos,33.0,South
72ff5d2a-386e-4be0-ab65-a6a48b8148f6,Rhonda Smith,26.0,North
6c307511-b2b9-437a-a8df-6ec4ce4a2bbd,Christopher Bernard,61.0,Central
6142ea7d-17be-4111-9a2a-73ed562b0f79,Ryan Munoz,23.0,Central
759cde66-bacf-43d0-8b1f-9163ce9ff57f,Valerie Gray,45.0,North
a0ee89ae-d453-4d32-8b0d-bb418d5288f1,Shannon Ray,19.0,North
a9488d99-0bbb-4599-91ce-5dd2b45ed1f0,Dylan Miller,31.0,South
614ff3d7-19db-4ad0-9dd1-dfb23b982ef8,Mark Diaz,50.0,Central
ab9099a4-35a2-40ae-9af3-05535ec42e08,Timothy Wong,19.0,Central
88bd6407-2bcf-4e01-a28d-efe39bf00273,Carla Gray,30.0,Central
b02b61c4-a3d7-4628-ace6-6fa2fd5166e6,Melinda Cameron,44.0,South
d261a7ab-3aa2-44f9-8e51-f30dc6a7ee39,Ethan Adams,46.0,Central
9132b63e-f162-47e4-a9c3-49e03602f8ac,Emily Rios,35.0,North
a491f0b2-ea1f-4a65-a27a-984d654821d0,Derek Wright,66.0,South
bf3c4c06-4343-48bc-89fa-6a688fb5d27b,Stephanie Ross,62.0,West
2369b584-ff5e-4ff0-bf50-bde4382567b8,Ann Williams,39.0,East
28f49481-a0a0-4dc4-a720-9bdf1c11f735,Jennifer Brown,27.0,South
77d21e02-ff01-4f99-988c-24c961b1cd22,Tricia Valencia,,East
1d53434b-b881-49b9-ae27-0da702f06b90,Kimberly Adams,24.0,North
4b22d308-1c8e-4ee9-9715-bd6fa4161293,Jesse Mckay,42.0,North
f8cda88b-436d-46e2-b83c-fe0be037e5ed,Cassandra Gaines,40.0,East
d777a477-4c66-40a8-a013-ac6ededa4e16,Lisa Hernandez,56.0,East
f4188f3f-8a14-4e62-a95b-4715c333e861,Kerry Smith,69.0,North
1ca35cfb-04fc-4d82-bd15-438552fbe43b,Sherry Decker,64.0,West
3da9c2a9-0ed4-4f1a-bd4c-bf374eb93eff,Theresa Miller,52.0,North
fa5d3100-11b7-4948-90e6-e6607c69dee1,Pamela Anderson,42.0,North
2a45c2ab-8cbf-4db0-b264-accc79ac1b1e,Shane Henderson,53.0,East
c1590f53-8a0f-4efb-adcd-465e36386821,Christina Collins,58.0,Central
5f987c71-a65e-488e-abf3-ad39fec21bbe,Joseph Martinez,41.0,Central
05628059-568c-469b-9064-005c3985c3cf,Crystal Robinson,30.0,North
0f1259e0-a18f-46b6-b535-106e122c9a56,Taylor Heath,20.0,South
474a493b-3ced-4f2d-839f-bc501223b513,Cindy Anderson,67.0,East
93829b43-922f-415a-a1e3-db63ef7ddc76,Richard Aguirre,23.0,South
a8b317fa-18d0-452b-9825-bc5430beb45f,Jeff Owens,24.0,West
a748dbcf-ac61-4e63-8dde-29a6baa4b71a,Mrs. Jennifer Morgan,35.0,West
310c0c00-3fa7-4104-9bf9-0e27dc96925e,Jerry Henderson,58.0,East
dfde4fbf-3ff3-40bf-b66e-cb15474ebc19,Jessica Callahan,28.0,East
a6f2f7b8-0cf3-4b58-9910-8be58ce21ea3,Dr. Tracy House DVM,40.0,South
7b3a4e3e-7c52-4a17-a80a-c07a2a935d62,James Brown,60.0,East
63f2ae24-fc3d-4348-808d-4127610461e3,Richard Gibson,62.0,North
bb026576-f512-44c3-b253-d2186c4a37ea,Kristi Higgins MD,56.0,South
0ef8c2d6-f7fd-4646-b7bb-3eec4bf50b52,Kimberly Adkins,52.0,South
7a0ecfea-958c-49ba-8cd6-20c20ea2622b,Sarah Moore,28.0,West
d9f195d0-1482-4f53-8201-0c62f5f59b22,Kurt Leonard,42.0,East
f10c718b-1eb0-438a-a75d-d5af3c365296,Danielle Wheeler,58.0,Central
a8499b92-6b52-42e3-94fc-dd549e8fc965,Kelly Donovan,32.0,East
506e5a9a-b758-488d-ab73-295b344a54b8,James Powers,67.0,North
edd4253b-50f0-4d0a-b50c-ab754ccc9bc2,Angel Ellis,32.0,North
19985f15-ff00-4d4d-9020-59e4ff9ab5c2,Daniel Baker,69.0,East
119c4ea3-e180-4081-9958-a499eeea163e,Jaclyn Moore,43.0,East
4d71c366-b41b-4143-8b10-550cd5704f32,Victoria Valdez,22.0,South
8dfa6a56-d12d-4c9a-aaf9-15310200b1f0,Matthew Mcmillan,54.0,East
e3c43657-1d8c-4bac-83b4-09ef2260e70f,Juan Nelson,31.0,West
57c700aa-b7b5-4ea7-b5eb-d32d9ad620ab,Mark Baker,43.0,West
e87d1c78-e7c4-41c7-8049-7b717d106c60,Anna Henderson,27.0,East
5563f616-00e8-4ece-8b49-452d46d483f3,Mandy Green,26.0,South
b4a69f3c-8d3a-4d99-b11c-21c9bdc14f1f,Adam Jones,65.0,Central
26286bfb-e767-4cea-b0e6-a969e21342b0,Sandra Aguilar,52.0,East
0ab54bde-20a0-4502-ae06-809725e97977,Steven Flynn,65.0,Central
5b9962c6-e61f-4cc0-8a36-8ce7dc570131,David Garcia,45.0,Central
dfed2c43-e256-46dc-8f54-86b7c7b5b2bc,Marc Moore,43.0,East
2999b735-dd56-4c94-bc9a-d14cee0caeb5,Rita Keith,32.0,South
ecab3301-bc8f-4d29-adea-94930658663a,Timothy Pham,50.0,West
3f87e362-cf8d-446a-bc2c-bb0ddd334cc7,Richard Rodriguez,23.0,North
787f2425-dbcc-4477-89e9-db0adf465290,Robert Stevens,25.0,South
df0f06cb-cb9b-4326-920e-ac174e20fd1a,Alexander Lee,58.0,South
11c58ef0-dd46-4c09-8752-87aa5408f9ac,Diana May,68.0,West
d7fa2d8d-fb2c-4025-adf4-e62d6651529e,Teresa Wilson,56.0,North
94a1875d-2db6-4edb-82de-ffccf86c2ca2,Deborah Rodriguez,42.0,West
c9535b63-ba81-4dd9-987e-f3446f3f920c,Larry Dixon,56.0,West
30a900ad-939b-462d-a645-f129629c2ae3,Michael Smith,51.0,East
afd5dea5-89d7-4d6c-8e77-7f00ecf27e76,Natalie Lambert,53.0,North
f2e9702d-11e9-4daa-ae69-81a35d3d9e56,Erin Edwards,61.0,North
e6697833-b841-40a0-9fe7-71d6d9178793,Eric Ortiz,61.0,Central
8dedf9fb-4bb0-4f20-b27c-40266703b636,Jason Bentley,66.0,East
2c8d0e44-e71e-43a6-bf85-bf0ead64b56c,Elizabeth Kelley,67.0,East
35ce8841-4973-4d6c-8dca-bfb7001a9a8b,Kevin Pena,25.0,East
acf5e81e-7131-4269-b118-e36477097749,John Santana,45.0,South
a8aa7158-2b70-4525-bc67-f831cbc84759,Jose Schultz,47.0,North
f3b63fe1-d184-4324-97e8-392a55cee5db,Megan Walker,64.0,East
0bd4a990-0640-4e0f-a5b8-fd4b32fa2de8,John Atkinson,50.0,South
e2d9de5d-6a18-4e4c-b496-276412a4def0,Cheyenne Horton,50.0,North
25c73c44-3e75-43b4-a64f-a6637e8f8095,Abigail Potter,58.0,East
c7468f59-1b49-4e15-a2ad-d909c521bf2d,Christopher Rubio,58.0,Central
8eb22579-0cdb-4ca4-b6ec-bdd68498e113,Ryan Bryant,56.0,South
87f8424d-aae6-4fc1-b6f2-dbfecd29a36f,Linda Dodson DVM,27.0,East
e45b712e-b822-4688-90a4-44329cd6c852,Sandra Kelley,66.0,South
dc8aee30-be60-43f7-a8be-9288e5af6e39,David Wright,52.0,Central
c715b2b9-c40c-4d91-86fd-e062a33dc7af,Lori Hill,18.0,Central
3c07c574-4925-4af1-b6aa-e05b13d5f2f7,Francisco Fernandez,38.0,West
620e99d3-3b33-43d8-a69c-d696236c7b87,Michelle Brown,19.0,North
7746d0ba-8ae8-405b-94b4-a48268586eba,Daniel Fisher,41.0,East
f2311f17-9586-4a76-8511-55ffe7a37e81,Shannon Cannon,33.0,North
f1578470-0182-47c4-ba1b-58066160a6b4,Paul Castaneda,33.0,Central
89c8d2ab-6b44-4a8d-95f2-5073f41402b1,Kimberly Morrison,23.0,North
45df16b6-382c-443f-bcfc-9b793875394c,Allen Rogers,64.0,West
b963f37f-6781-4c1f-8c53-0e36addc3e13,John Anderson,70.0,North
e82c7d7b-06e7-45f9-88bc-539c9f4c3b79,Justin Johnson,66.0,Central
dde9f863-22bd-4388-adb9-9102a48b3dbe,Anthony Gray,67.0,South
56666f9f-53ac-4ab9-b467-2cd9362f5e5c,Jamie Walton,26.0,West
d5bcb8d0-4094-4ded-abeb-ac31d4f8fd72,Alec Ryan,53.0,South
39669fa7-5997-4043-b3b1-025bfff9f585,Rachael Pearson,34.0,Central
3f4df561-f319-4125-87f1-94f9c1156d6d,Alex Hernandez,56.0,West
1d48a071-ab61-47b1-b93b-4c3220500494,Claudia Lyons,31.0,Central
9b1bc895-2af4-4ab7-9e6f-ea07c4536f1d,Nicole Wilson,66.0,South
4fa03f26-f6f7-40cc-a9ec-8e49d1bdb8c0,Alexander Collins,63.0,East
60141de9-f54a-40a2-a874-66d7ad66a1bd,Miguel Jones,,East
3e2b6091-a092-452a-94a0-57a7b0cc1b3b,Raymond Jefferson,46.0,Central
cbd58bf6-1efd-46e9-8e37-14af99b49350,Dr. Hannah Patterson,,North
a5c5650c-8186-4576-91a7-26095eddbbbf,Samuel Short,33.0,South
5cb85aed-f5f6-4c97-aefb-63b11b049863,Sandra Zimmerman,22.0,East
859131d2-bbda-4242-ad17-4fc96f7c15ea,Debra Morton,19.0,Central
7701f7bb-7bc6-4e1f-864e-e6e389c5b31a,Nicholas Adams,53.0,South
ef43613c-d4aa-49a3-bed8-c56cda09dfa0,Stephen Sanchez,55.0,South
ab0e664e-9c3e-42d5-91e1-aa9676f72255,Allen Rosales,18.0,North
5ad5cf06-364d-4c87-bcd0-129d2e8d0e87,Gina Beard,63.0,North
8e485223-46b9-4991-a14e-b70db380c73a,Travis Miller,32.0,North
8e200724-7d13-4018-a80b-ac63b856d035,Melissa Brewer,20.0,East
046a0df5-cafd-4613-b2bb-912d7da67785,Daniel Holt,22.0,Central
5e781fd7-94e0-43ba-a9f9-48b24e6384bb,Joseph Coleman,33.0,East
5a104129-54ae-4d1b-8ce6-424dbef59fe6,Denise King,60.0,West
50c7c006-314d-4441-b8a6-171f1ee34dc4,Joshua Gill,31.0,Central
bd1531c8-3764-4bda-b108-d4482f65fafa,Dr. William Warren,26.0,Central
d52721e7-19bc-443e-bb02-bebb48729a4d,Darren White,54.0,West
2067bdac-88bd-43d1-b540-b30e039f3a25,William Tran,33.0,West
a34b6cf6-2053-4a42-b1af-db65b289f224,Katherine Salas,69.0,West
7a8d03aa-782a-45e0-88ca-765192f5df7b,Cody Williams,30.0,North
1d34d08e-7a4c-45d4-9c99-e04cf0e98b3b,Jennifer Jones,24.0,West
26d794d3-0db9-4301-afbb-411aa1235a8c,Justin Torres,40.0,West
8edddfcd-1e52-4770-bf89-7142fe716b14,Lisa Gibbs,44.0,West
61607459-85c7-404b-8693-da1139c6a1ca,Jeremy Dalton,64.0,North
9191b363-4e2d-4645-adc7-cac7fd72b050,Lisa Singh,61.0,North
a021c0ca-3531-468d-8342-bd2bf295456e,Matthew Moore,21.0,West
2812859a-1337-439e-8d4f-5d272c7f0b79,Jerry Wheeler,64.0,East
49c13de7-3b42-46c5-885b-15fb4a8ff810,Michele Gibson,,North
43b9da13-ec85-4f37-bbc1-a987aff8754d,Lori Guerrero,33.0,South
1d61fac3-6cd5-4859-b2a4-47b2ef04e57d,Maria Kerr,30.0,Central
0f44704f-1247-4a4e-a469-98e8d39e198b,Eric Curry,46.0,South
706c5c56-49e2-423d-abd3-461691b78d8e,Michael Lyons,45.0,South
8a3c3b5e-801e-41da-85b1-ed25f1533ae8,Bobby Williams MD,35.0,West
069f14f1-4018-4c6e-9a8c-fa3c5283aac7,Vernon Huff,33.0,North
054f92ff-f366-4ad4-964d-b03f93403fad,Miss Debra Williams PhD,46.0,Central
7135f221-a6c9-437f-84da-d06a7872bdeb,Catherine Richards,24.0,North
f8140102-7de1-4dfe-9072-5b5ca2814044,Gregory Cook,59.0,Central
292bd156-db94-4570-9ac7-0ec0ab8ddeb4,Michael Roberts,18.0,North
c2b01cfd-d045-4d1c-a684-09e3f1f8343e,Jordan Edwards,66.0,South
c5c5b37a-f85e-46a1-9dad-09b252c21221,Jose Travis,28.0,West
764414fd-8ae7-49ed-9e8e-de0ba85c6e4a,Cody Cox,49.0,West
71299889-a01a-4992-bf9d-3e64c1a6423b,Christina Dunn,31.0,West
e17f29e1-7028-4046-89bc-473fed7bf656,Barbara Dudley,21.0,South
b5b453ca-3d42-493c-8c9f-d3349bdf0377,Juan Tran,42.0,North
d7665cda-fe04-4059-b985-fb6217dc8eff,Julia Wilson,42.0,East
eec259dc-7f95-497c-a76a-a6ced50755d9,Katrina Hill,68.0,West
78e3654b-faf1-4ff0-bb85-179ad5b077e0,Juan Reyes,36.0,West
bf0d073d-821c-4336-9970-cf60ebff8d15,Sharon Hill,62.0,Central
57021049-6a39-4aa6-9aba-c50dca3dd859,Katie Hoover,60.0,West
d664d264-4c6e-47ff-b9de-7a3a486822b9,Yvonne Burns,27.0,South
7bfdcc12-89e0-4ab3-b250-ee18260a5962,Juan Daniels,36.0,South
de9e3757-5260-401e-aecf-67d2749176f4,Michael Armstrong,21.0,Central
69288e92-c68a-452f-9b23-aa8c3bcabf85,Patrick Thornton,65.0,Central
fd08b32c-62d6-4e93-a198-5d54cfb87e6f,Samantha Pollard,21.0,East
2051acef-097a-4e10-b6fe-bc0e7ecddbaf,Leslie Kane,21.0,North
1986b4b2-70b7-4868-9854-80f0dfcaf0b7,Joyce Bowen,55.0,West
f84f16b3-a79f-4faf-9ef5-768968f45bce,John Costa,50.0,Central
65c17795-b155-46bc-9f8d-ed9756abf2f1,Sarah Phelps,28.0,North
f4427e0b-6148-4bb3-889b-78d5dbfdd97e,Nathan Malone,50.0,North
9e11d2cd-0930-4ef6-8a80-068ddf547e50,Mark Mccall,29.0,North
1723199d-bf2c-44a0-ba3c-8a71ff574e2b,Brett Schultz,56.0,North
2a96e1e2-7194-4ae2-99ba-d7aedf615a5c,Stephanie Williams,61.0,South
5bc440f1-4b1a-469b-8e5d-d462cbd00ef2,Charles Schmidt,43.0,North
2e183554-cae2-4e66-ae8a-781390e0a95b,Bob Pitts,54.0,South
7f671eec-3da7-4577-aee1-e86b9ea556aa,Briana Murray,55.0,Central
aab612c9-415d-474a-b5a6-69814104a8b5,Robert Santana,20.0,Central
12e89d10-2871-4733-8bed-db12ad77e82f,Gregory Matthews,23.0,West
b0b862ef-6c9f-42b9-b647-8986a3917c99,Ryan Gonzalez,60.0,Central
1b4da0fe-7bb3-4605-9a74-3152627b41a1,Kenneth Andrews,54.0,Central
059dd55d-4b94-4e30-b303-f438fe2110d0,Mary Hill,38.0,East
c73f6e1b-af90-4e3c-9d75-0e9890e0b95f,Amber Obrien,,East
e726be23-e776-4886-9534-ee1d7f2984f5,Robert Lawson,33.0,East
30ac7d7b-a2f9-43a3-b810-ae665a31b4cc,Megan Le,43.0,South
2303f6c6-d69d-42f1-ae4c-84ffa8c01f05,Stephanie Lucas,60.0,East
088a93ec-70d9-49f8-89e2-60744f1639a0,Morgan Davis,47.0,East
6a5e6920-bf5a-47e6-93a3-dd5a4b8c5bdc,Carlos Ryan,66.0,North
80759f1f-87e5-40fe-9da8-d6d2f8b38a8b,Sandra Scott,18.0,West
f7a67b94-7b5a-411a-b1b6-4afed31edf1a,Nicole Morgan,57.0,Central
1346d1a9-f680-4cdb-b7e4-90c71d7bc313,Vincent Dalton,24.0,North
65bcc272-fadd-4ea3-aca5-e2fdb966442a,Regina Diaz,52.0,South
43b38eb4-0390-4c5d-a502-d6a2ca6a2224,Jordan Chambers,50.0,East
618ae305-95a5-4afa-831d-029fac1e86d8,Teresa Rodriguez,26.0,East
9e9a9f83-0668-43ee-b8b2-b5493bdbc09e,Kristina Herman,22.0,South
a2a9d4d8-102e-4de5-a5cc-8bf738ab854c,Susan Turner,,East
0b9bd934-23c8-4d30-9dde-7969688613db,Elizabeth Vasquez,28.0,West
899ca782-e323-4d1a-bc1b-dacc18e19331,Jesse Santiago,52.0,East
8a4a0e2d-f22b-4b98-b24c-c64fbe3e6e57,Patrick Moore,57.0,Central
d56ce8ea-1959-4b5a-a7a8-f6366a35df59,Jason Lynn Jr.,18.0,Central
71d79665-7181-4dcf-b79e-fc6e5edb0d3c,Savannah Garcia,37.0,North
e6d5901d-8b62-4d41-9e09-a9eeaf88bdec,Heather Sanders,26.0,East
f2f25eef-1f45-4bfd-b7dc-67e030974b2b,Jordan Bates,25.0,North
f8999246-98de-4ebb-a3b5-cecea446be72,Richard Sanchez,65.0,Central
34885a46-9088-4eaf-8977-6598203c8c25,Phillip Clark,27.0,East
3ba5cd2f-dea4-4c19-9024-3d723748967f,Charles Lester,36.0,Central
fbe94499-dbc0-40fd-86fb-7bf300b9d4a3,Carlos King,31.0,East
ddcf8766-a93b-42cd-9c24-220e2cabd7e7,Adrian Tyler,31.0,East
040a3aae-52e2-4fd9-96bf-10ab3ce915e7,Anthony Harmon,50.0,West
104556e5-bee3-4b79-9d18-1ee986ad8a8c,Richard Palmer,34.0,North
38b77c07-80fb-4296-b3b6-a09b1beaf6ac,Amanda Logan,23.0,West
4d37a539-857d-43b3-a8ad-df36ddf275eb,Victor Brown,35.0,North
6d204496-66d0-4371-98e8-8ebb7a9e8eef,Katherine Browning,18.0,East
5275eb94-14ae-4f5c-a636-58c912d0498d,Ana Hill,67.0,South
b64fa54a-8c61-4654-95da-75c1a21150f9,Zachary Schmidt,58.0,East
6e218b09-9afd-4015-816b-cb9f7426b193,Michael Farrell,28.0,West
8d244e3e-c4da-4ddb-a0b1-5abaa6a27967,Cindy Hayes,53.0,West
d3d1bf0f-56c4-48e4-a9ef-afb13a7e8e14,Jason Davis,53.0,North
4140752c-aa44-4259-9001-8b7b6d4067f4,Christian Leblanc,25.0,North
15da705c-d4ef-40aa-975a-81ec112fa612,Brent Rodgers,62.0,South
0f5ae9d3-8e6e-4003-a14f-3f12cfd01cbd,Kristina Rivera,52.0,North
dfa4bb9f-5a85-4750-a92a-c1391f4a8ca1,Nicole Parrish,,Central
49a214ae-f7e8-48e5-8d2b-91efb8976ec5,Heather Lane,53.0,South
7b70c3b8-a81f-4ec3-a79c-658a36760ce5,Brian Bruce,45.0,South
47503f1d-c33a-4f6c-9d69-1fba5e187b24,Renee Bruce,20.0,East
9f294a8b-d184-4c39-8476-7556f97be2dd,Maria Johnson,41.0,North
b18753e6-d457-4ad9-a867-a096edd877c8,Christopher Park,40.0,South
59dcabd0-56fe-4fb9-abe9-e2074f199ec0,Sergio Knight,61.0,South
bdb025ff-2451-45a4-91d0-59b26699cd99,Amanda Reese,60.0,North
74222167-6b7a-4460-a04e-46cb3712f2d1,Jacob Griffith,40.0,Central
98a21f1c-914d-4fae-b100-13a7c6deb2f0,Anthony Moore,44.0,Central
14e286e5-ac89-46bc-8cbd-3c039e2aa4ac,Matthew Tucker,65.0,South
372f871a-45ee-432d-aa07-f2137129cec7,Ashley Jordan,33.0,South
97d7a560-adb1-4670-ad9f-b00d4882d73c,Mr. Andrew Foster,69.0,South
345512f7-01f7-47ec-8e06-30cd996d5c50,Daniel Taylor,44.0,North
1eb74b56-53ff-43a2-8a19-35014169b9fc,Paul Thompson,29.0,East
3ae88926-b423-4cde-8857-511761554667,Sandra Drake,68.0,West
bdf66ba5-dc9c-46de-a5a6-74c212738a23,Albert Morse,69.0,South
6de59332-9364-43d0-9024-bdc6dcb33df3,Michelle Butler,35.0,South
f758dce2-0556-4aea-a7b0-32831d7c0098,Robert Montgomery,,North
5ca260c9-eb76-47c9-b08a-4895d4ffa666,Ryan Sanchez,42.0,North
1422373f-8622-48d1-a683-e10796c044d0,Eric Morgan,48.0,South
138d994c-2b0a-4edd-8774-44cb5543fc3c,Ashley Hicks,30.0,West
59e1ac09-5970-4859-86b6-e4ade7ea8d5a,Sabrina Briggs,40.0,East
4187222b-257d-4e52-9a51-65ca3c7c1d85,Lance Wolf,70.0,South
f387e1bd-2d59-42c6-934a-5a2fa7cf705c,Kathleen Webster,,North
ae5ec365-72eb-4474-9458-054ec2874f06,Kristy Reid,60.0,South
f891b0c3-dd3f-487e-92bd-c6619fe0a8c7,Brittany Jones,43.0,East
cbdc4318-4d85-43d2-a1a2-748571348c2a,Anthony Romero,35.0,North
09a0a0f6-73b0-4091-b634-c1694f76e388,Ronald Jones,67.0,East
171dabf9-daf4-41a7-ba34-d2e8dd3f7d7e,Katie Ford,40.0,Central
bd29ede9-cab4-423b-b448-83858de7ad6c,Joanna Pacheco,43.0,Central
9ae1a991-524f-43ff-b030-7633a6ded1d8,Chris Brown,39.0,North
d65e59dd-e62d-4d06-8f9b-85581a7f195b,Miguel Wagner,25.0,East
b526b22d-3f6c-41f7-8a05-37f02c2cd22b,Jeffrey Mills,29.0,Central
eafde7d9-5f73-4a3e-9d28-6aa428a39779,Jason Morgan,34.0,North
a181c85e-ca0a-46ac-8d67-d38e990f0c5b,Andrea Davis,24.0,Central
4082cbb9-48bd-4b3e-a2f5-df2badaa44ca,Mary Escobar,45.0,East
14dd5061-5557-46f8-a67e-ddcedf8f4197,Brenda Bailey,64.0,East
a981b098-b2cf-452d-a7f3-33b3f7baf55e,Kurt Hurley,45.0,Central
a4bbf962-606e-4e1c-8f15-84494f40c22f,Robin Santiago,50.0,North
ff4625af-bd20-463b-b275-b5f3d436a7a8,Kelsey Lucas,42.0,Central
04aac1b7-5ca0-4428-822c-4d326c645c15,Christopher Lewis,30.0,East
31274148-7c7c-404e-8422-d03ef29a6339,Chad Jones,,West
81f7f3fb-19e4-4c6a-89c2-3e69d82c7565,Sandy Stephenson,18.0,Central
e05b46c5-5636-4094-a974-31db09a9d1c1,Bonnie Bennett,69.0,Central
b15e54f6-d4d3-4795-ae4b-ebc429890880,Rhonda Martin,61.0,South
5d42b9e9-692e-47b6-8b2f-6d5c700b5d5f,Cynthia Wallace,41.0,West
c8a723e9-bfa0-46c2-809c-b50648f1096d,Joseph Collins,22.0,East
e76adca9-7811-4802-88cc-7cfecf01f944,Holly Valentine,57.0,East
c4f9eccd-7630-48a7-b0ca-fdd8fc043f08,James Rose,60.0,North
331f63fb-d11f-48c0-a97c-a4fff75d599f,Brenda Wright,64.0,East
5f07c1a5-dfc6-40ce-bb07-fd31a4244f23,Ashley Singleton,50.0,East
1578d709-48f9-43d0-9fea-e1e0d9e604b3,Denise Whitehead,60.0,West
177a8a5f-6ffe-43b3-94bf-7a4b25b8a42f,Courtney Hayes,38.0,West
6a36af18-06d3-4b93-ae33-688d597e6845,Jonathan Young,62.0,East
397b5f51-5ffa-46ef-94e4-180cfe9936a3,Timothy Combs,53.0,South
25637cc3-ca97-4bf5-95d5-96afa663d2cd,Dustin Gallegos,30.0,West
c24369e7-2387-4af6-94c3-a832b231c60b,Joan Smith,60.0,West
3735262d-4184-4b03-84dd-7054144823f7,Kimberly Acosta,61.0,South
c6b33fe6-1c76-4df6-ac5a-6c93871c0884,Eric Williams,57.0,Central
9f708368-cb3c-48ca-a392-57316b79afcc,Brian Stein,37.0,West
a1c7cc8a-0435-4b64-893a-d23298c3e3ca,Dana Thomas,53.0,North
5a5226e6-9d64-4932-8066-853d6de299a1,Jason Beck,37.0,East
5c508720-f982-44e0-8603-156a15eacbcf,Joseph Romero,31.0,West
0534a101-8ddc-4719-81f3-8dd4fd034ada,John Reid,68.0,Central
bf5023f4-40ef-4935-9f90-bed6fb25664d,Richard Cooper,56.0,East
1a89b71e-a0d5-42c8-a837-fe68bba205ca,Nancy Cook,47.0,West
56ab087a-8bc7-4e81-9a30-45280b599562,Carrie Maxwell,46.0,South
7a8104de-b205-47bb-bb16-f75776f186ab,Robin Brown,50.0,West
0977c513-752a-4d25-b190-1b7ec6b469ef,Andrew Gonzalez,68.0,South
4f612217-eef1-4694-90ca-e32d0aba590e,Virginia Daniels,60.0,North
a59b457f-c0d7-4c73-895f-fa8140d92bce,Howard Norman,36.0,Central
45f18619-54f9-4429-a7de-02ccdda4f4a7,Jacob Preston,60.0,Central
f4dbca07-e506-4670-b092-947dbe4969ec,William Crawford,39.0,North
cc1b4157-ec9f-4c54-9e0a-72ab7f5db163,Rebecca Acosta,70.0,South
febec0db-9a3a-4103-ae3c-453214348f62,Kimberly Morris,61.0,East
4baf0f5e-a932-4094-93f2-8f11147f6570,Lance Simmons,32.0,South
727716ec-59fe-4bbc-b1a3-fad2b0946d2a,Sergio Gomez,27.0,North
a3b442bd-4649-4296-af58-42c3ff86cc31,Theresa Jones,20.0,South
83599af6-5d01-455f-a7fd-64c4a334058a,Meghan Cisneros,48.0,Central
ad973b67-9b89-45cb-9942-644c248d31ec,Amanda Jones,,North
5cb5e69c-5dc7-43e6-a529-64ffc74cc890,Keith Jacobs,47.0,West
5ef787b8-f2e6-495f-b32e-2016add702c9,Phillip Berry,58.0,Central
507b9072-65e5-4f34-9df0-6e8c878aaed9,Danielle Wilson,30.0,West
848af440-7fc1-4858-afa0-d842bc55300b,Justin Green,49.0,West
36ee1640-723e-4466-b43b-d27f42a259a6,Donna Hendricks DDS,33.0,South
12f5131a-da52-42ee-a2bf-18f51f652a87,Steven Wallace,59.0,North
f7b217c7-ae92-4a71-8f7d-cb431679742f,Emma Reed,66.0,North
4a552ea0-8acb-4e09-8ccc-9cea109fd8ee,Sarah Joseph,67.0,West
2c913a7c-a340-4f08-b341-91b8ed6522b4,Katie Martinez,32.0,South
3c9abe10-238d-4f44-8ac4-d0eb3373730e,Allison Spencer,69.0,Central
fba6abf7-cdbc-4653-b7a7-e8b75e70f65f,Lisa Miller,47.0,North
b788f5d1-ffe5-45f6-a5ed-cfe34f2dad3f,Kelly Hammond,53.0,South
20156a72-12e1-43a6-932c-ae01d2c65ee4,Maria Cole,25.0,West
20da8972-5832-4ee4-8471-b4b0ae1b9f69,Penny Bowman,26.0,West
21084dd9-f75d-4e3c-848d-56502e9522d6,Thomas Brown,60.0,Central
4ddb1b36-272c-4588-84a2-576c1fc905f8,Frank Fletcher,53.0,Central
84d67c4f-f0df-4684-b28e-41225894f7f1,Sarah King,38.0,West
46426c45-8d03-417a-b4d3-75c1a29319fa,Eric Ferguson,57.0,Central
9780c215-2b2b-48e9-a417-c09380a8a23d,Brittany Hopkins,45.0,Central
566e3cbe-9aea-422f-a6e9-87cab87b6384,Kristy Bryan,46.0,South
f2d3f761-0ba3-4279-94cb-056407437c3b,Laura Curtis,65.0,West
9e3c5a88-6aa5-4e6d-9277-9574c4576cc3,Kathleen Burton,46.0,East
4d560a3d-f4e7-469a-a454-09374a27ebf2,Dr. Michael Evans,66.0,South
2877f5d9-0f56-45f8-b048-faa112ae5c22,John Harris,58.0,East
dc8a4922-5005-480f-a4c7-78a59b4e164b,Morgan Valencia,67.0,Central
c2baf0e0-2179-43f0-a612-4ab4f9b21e6e,Justin Flores,49.0,South
7318b96d-4479-4612-9f5d-988f776abf09,Brent Roberts,35.0,West
6b0ae0e3-9d89-4047-9d39-d7936257a4a2,Sean Moore,22.0,East
b89bdf7f-93e3-4c35-af0a-573d53d2d56d,Phillip Jimenez,33.0,East
e10b1a47-7fae-4748-b781-321e83c501cb,Alexander Landry,39.0,East
3da06476-f778-4676-b50d-112e8164ceec,Harry Williams,52.0,North
d7c4fe9c-e1e0-4ffc-98f6-fd7f7eb162f1,Julie Herrera,26.0,South
22498f66-6e51-484d-9b84-edc3d8e049de,Monica Gallagher,32.0,West
0d18ab95-668c-4477-8b95-017c5dae1201,Chloe Tran,62.0,South
734a6ca3-8116-43fc-a2e7-c1a612d2fa06,Diana Hays,63.0,South
20f0156a-1e6a-4628-9c6d-52d5ae2e9af9,Jennifer Norton,22.0,West
5d986115-f05e-4efe-8ece-112856ce4b42,Christina Hicks,44.0,East
09f64405-0b99-4034-8a4e-255280051b10,Gary Wells,,West
e4a4474c-9b33-43a4-a620-f9a974fd33d1,Erin Austin,,North
9dd2f9de-fd98-4e33-a498-abe92999bbef,Elizabeth Rogers,31.0,West
7d66971e-8847-4c56-827c-9f8cd40ac5e9,Elizabeth Cabrera,42.0,Central
1c0f0bdc-ac7e-437c-94cc-1e2a5e4cb287,Lauren Robles,62.0,North
a1173719-b023-40ea-9f41-e335b9aed8e4,John Coffey,66.0,Central
9416e4dc-c6b2-4def-b8d8-b7f1c86c6544,Mikayla Silva,42.0,West
b89f7039-a107-4c46-8634-17182ba6adb3,Sarah Hernandez,18.0,East
9293f705-0815-4147-be00-980eae441e21,Ashley Smith,37.0,West
69b7c0fa-26c4-42f6-ab35-2f85504e2687,Jennifer Hampton,44.0,Central
d92f3c1e-df70-4b2a-b8bb-22a5eba742d2,Amy Taylor,65.0,Central
ff84faef-5336-423b-8f96-468535145890,Kelly Edwards,69.0,Central
887b03e5-e980-4808-b5ac-824c2c55aef7,Hector Ingram,32.0,West
cdbc2c1c-a4af-47bd-ae45-5cc6b88e830f,Lisa Lee,32.0,East
4c6a70f4-8ede-444d-876c-f68c3f1be0d0,William Evans,45.0,West
b0b39015-3510-4852-b474-634949fc2cd8,Emily Bailey,19.0,West
b8beff3d-cb9f-4f6d-af3a-6f27ef06fccb,Bryan Rhodes,39.0,West
65001423-faeb-4d19-a550-8ea26133a34d,Tina Ballard,64.0,South
f48f709c-49a2-4441-8ac4-de854a5b1aff,Hannah Ramos,47.0,South
36c7d6fa-7aa4-4052-bf51-936241a64fed,Joshua Fitzpatrick,57.0,Central
1bf645f6-2324-4211-8588-fc1bb2384849,Laurie Sanchez,,West
39c59df9-87f2-45d6-a7ba-26acab7a3d1c,Amy Gutierrez,55.0,Central
ae62990c-19bd-4f93-b8ef-7666b7a4c719,Abigail Pierce,60.0,North
a723fb72-682b-463a-a86e-d390edd97a1a,Sherry Woods,23.0,West
4988e418-f6c3-4218-8183-6315330f8be1,Matthew Velez,26.0,West
3b72c86d-92fa-475f-a6fd-0cb116e6e5c0,Miranda Zuniga,29.0,North
6afa828c-2cd1-4b9f-abe5-841fe9c96c52,Casey Gillespie,34.0,West
c9b7c9bc-65a1-4fa9-9611-69a1ff46a6bf,Timothy Hayden DVM,38.0,South
4c636e95-025f-4543-8997-623ae0723d96,Ashley Bird,47.0,East
a42d0cd7-fd35-4f6a-b450-388748d90846,Kathleen Mays,39.0,West
45d8a6ad-77d0-459e-8114-14f8d9df0d0e,Brian Martin,35.0,West
b7f60cdf-41dc-4c60-a5f6-0735757b6b29,Norman Gibbs,34.0,North
317304b5-c1dd-484a-aca5-8d95915a1c30,Scott Prince,48.0,North
53f30073-83e9-4ef4-ad7d-f5d0d3b59af7,Michael Lopez,65.0,Central
ef9240b6-52d7-4f10-ba3a-6e9623ff23d3,Dean Young,21.0,East
546252e7-f43b-4052-8459-bd6ec0f63229,Nathan Smith,32.0,North
3c7e5368-b159-4847-9c0b-9b10a757cb10,Bryan Parker,67.0,North
ec50ace4-80a5-4e65-afa2-855967c96204,Michele Collins,66.0,North
f0cd7f05-ea87-455e-a382-95d31e0ef546,Lucas Robinson,33.0,South
74797b61-2737-4b52-ba6a-210722319050,Lisa Perry,,Central
c1e1b94a-7888-4058-a9ad-0e9b8c9aa1e9,Mary Robinson,27.0,South
98874bfe-c136-4c65-ae2a-e3413f59e4f2,Angela Griffin,26.0,West
ead08c89-13fe-4a29-9c9d-eee0b42a0456,Amy Kelley,60.0,North
89628f6e-929c-43b3-b3c0-8bf18167999f,Garrett Meyer,54.0,South
b787ef8d-3495-411e-ae27-d4321dc1e7eb,Ann Dixon,47.0,East
21c71aa3-7414-43b5-8e3e-25f2cf0671c7,Joyce Brown,67.0,East
4ee4334e-ce92-4136-ac3a-812f765e6cb5,Jennifer Velasquez,28.0,Central
12b2102d-940c-4503-b7c8-6152beed0af9,Gregory Brown,56.0,North
e4eb8000-ef40-4162-8f6c-e9bffe7ee362,Timothy Johnson,67.0,South
22ab7752-c4db-4a62-ae13-418d68ab80ea,Veronica Brewer,37.0,North
e42e707a-fe2b-4987-9fdc-abbf6b9cd71c,Sergio Knox,55.0,North
f6d22a7b-aec7-4a82-948b-4376602a4e57,Kimberly Valdez,37.0,Central
fe2b34d8-2db0-428d-9e5e-be5459077299,Kendra Luna,61.0,West
c194f97f-00e3-4026-95b6-de85390239d9,Edwin Nunez,43.0,South
6118433b-882c-4d1e-ac93-a7918b60c511,Danielle Reed,22.0,Central
e00da49d-effa-4002-b040-413c4690fb15,Ashley Pacheco,62.0,South
efad49e9-c41c-447e-9d6b-9b626b535a19,Alexis Harris,24.0,East
7249f62c-0898-4462-980c-b95c19d45deb,Michele Williams,61.0,Central
705fddf5-66fa-4ca0-8b53-1932bd9419aa,Daniel Shields,69.0,North
fe54ee4b-80ff-4173-a3df-ecd70e731dd7,Robert Dennis,68.0,Central
c5c51060-9911-41e7-93d5-63ae51a3ac26,Erica Turner,68.0,North
8570b59f-a903-4e67-bc56-8b5324acb722,Eric Brown,40.0,Central
bc36dc59-e134-4dfc-9777-7f10f2d2393f,Lori Simmons,45.0,East
582b91ee-f8e8-435b-8c00-988a7ee1011a,Megan Floyd,22.0,Central
6883ac6e-6a94-4054-b241-4482519894d8,James Webster,59.0,East
39b02e2a-d96e-484f-bdb0-174e7938878a,Michael Shaffer,18.0,West
69a53b4f-8ff8-469d-8ec0-713dea2c7a51,Kristin Anderson,70.0,West
548c1d84-340d-4049-8147-65063e2bf9c9,Tammy Boone,24.0,West
d453f867-b97e-4224-891f-691217abb863,Derrick Nunez,41.0,West
12a1fe7d-dfa5-4722-8a1f-c9df9a591974,Philip Ramsey,63.0,South
3579c143-7ab9-4428-b78e-65108f10d33e,Felicia Krueger,45.0,South
30a5648e-efe9-43d0-b639-08bf03ece8ff,Autumn Key,64.0,Central
b2149062-3e1a-463e-aa18-d32c7a9a8ef5,Christine Herman,59.0,East
48769153-c688-43fe-9255-5c758d55119e,Joseph Howard,57.0,Central
e1fff6c0-8347-41da-9c11-ab6d42f5b3f5,Brett Zavala MD,67.0,West
340029c3-ea11-405b-91fa-cefad6f89f7a,Jason Hart,47.0,West
0426fcc9-255b-40e2-bdc2-b74b38a56b49,Timothy Riley,70.0,Central
32399ffb-2704-4f25-8b91-b8cb6ae66582,James Whitaker,35.0,East
f186e47a-a794-4320-8cf6-e8b87fd238c3,Dawn Underwood,33.0,North
bd5609c4-a446-4663-b93b-17fbf76d15fd,Christopher Norton Jr.,35.0,West
2f1dc121-7d02-4c6d-8bea-75c1b86677aa,Kimberly May,33.0,West
d6cd3155-08a8-4c7f-8621-38ad0f09105c,Theresa Barnett,54.0,Central
2332a50e-6992-496e-81a2-5ed1c3abb5f1,Crystal Mann,60.0,West
74bd0c93-8177-4661-b7fe-032c02571851,Luke Estrada,39.0,North
a8c6dbc0-7bb3-447b-a9aa-144b9dd43675,Aaron Arnold Jr.,49.0,East
892621df-4655-48b7-b8e1-9f568787ea21,Alicia Li,29.0,West
f090f5a0-ce61-4199-ae3a-0ba8ac8d6c7d,Ashley Davis,31.0,East
9ea9f508-3122-4592-bdb0-2235261e2555,Robin Adams,69.0,East
f5948a54-5f80-4eeb-943a-9aff659b0105,Karl Branch,39.0,East
d3fbe043-af1d-4a1a-8ccb-235539d1c7ff,Martha Garrison,,East
67c0518b-17ef-4621-881c-79d4c27437eb,Juan Brown,53.0,North
152aeaec-2bdf-4b41-b3ed-a8f1026b5383,Mr. Richard Knight PhD,51.0,South
eb4d8f42-8735-40a2-a511-09611869a217,Daniel Parrish,23.0,South
45667c48-79ba-430a-9118-c400e336c243,Benjamin Frost,64.0,West
a879d8f8-9042-4eb7-8b04-0f53e63949d4,Timothy Edwards,49.0,Central
24e9bcfd-9647-4f9f-b508-507af622d842,Michelle Sanders,66.0,South
905f9096-2996-46e2-8c9d-690713b22cec,Ruben Price,62.0,West
6243bed7-54ec-4f33-8a62-4cbde582b678,Brenda Hinton,59.0,West
bed63da0-8033-45c2-9413-d64db962c8a7,Amy Kim,,North
9aec56a8-5731-4609-9375-ee90d6b361e4,Tina Sanders,,East
a255e1bb-0795-4c1f-938d-6b8cc607b1e9,Willie Henry,32.0,West
601bfbcb-f0ee-4cce-8d93-e14a5b167158,Michael Guerrero,62.0,South
4b9dfd58-9e5d-4c7a-85ac-c35415f00cb4,Michelle Miller,37.0,Central
c8ad0899-b630-494d-a147-adeb277b0667,Nancy Stewart,,West
f165d779-0154-4950-976d-e21f1b46ebdc,Ian Nelson,53.0,Central
6e54ac6d-2ff8-487e-9659-1c8921ebfaa9,Justin Russell,40.0,West
8de1596c-5a9a-406a-96f1-42a206b919aa,Kyle Nguyen,65.0,Central
69ef74e3-4ab6-421c-8328-c136629ef3d8,Bradley Santana,39.0,East
3e245fbf-fa69-4cd2-be23-90f3e7bbaefc,Carolyn James,62.0,West
44b64ec1-4d16-4049-84d7-df9a238b05b7,Arthur Hamilton MD,35.0,East
5c72aebd-13b1-4e59-885c-d7147bf69552,David Weber,34.0,South
75366b9f-320f-42c0-9dde-01889803b22e,Eric Rush,25.0,South
614077d3-9ec4-4a48-9773-f98d550c2fe9,Erin Cook,38.0,North
a6aa59e5-dc08-4f29-92d3-3488d0c30018,Brandy Flores,65.0,Central
7aa061e9-336b-40cb-b1fe-ad13f280df1d,Vincent Novak,66.0,South
a205e54f-b1e8-409d-bc20-b9f24a9c589e,Kenneth Sanchez MD,30.0,South
5d71a898-6497-4593-892e-8c93d105c8d6,Justin Vargas,65.0,West
c4829b71-ae84-481c-ae0f-b5b38bae591e,Tiffany Murray,35.0,Central
cc351e4f-703e-457f-b5ab-8466b5578b00,Michael Fuentes,66.0,Central
ac484366-68bd-40d7-8b88-1c32cbb02a8b,Mr. David Hopkins DDS,56.0,East
72f60958-12ef-4101-a082-786fca00ef58,Karen Morales DDS,24.0,South
6b15c11b-b113-450b-9ea0-50c6eb9ed274,Rachel Ward,,South
98049562-8972-4bbd-8ff2-b1c4e53f9644,Angela Mack,41.0,South
2a9528c3-5ae1-4bad-aa29-60fda85894df,Amanda Terrell,37.0,North
f780ef2f-664d-4922-a590-fd3cad6ecc57,Tracie Jordan,63.0,Central
38d5101f-423c-4d9d-993e-478302b34254,Kelly Carpenter,26.0,East
5fc64cd0-721e-4b1f-b895-89399342a09f,Raymond Chapman,20.0,North
ff69723d-584f-485b-a697-384d801e8690,Brian Perry,53.0,East
d4d13d55-1db6-4844-95fa-9483f633cc2d,Brenda Collins,62.0,South
8567c805-34f5-41c0-88c5-eb2a7490adeb,Mr. Jeffrey Horton,58.0,West
0b705933-4cde-4b6b-9132-567c51a40d2a,Ashley Sweeney,24.0,North
ccd015c1-ad59-40dd-9bff-3142a5e15b55,William Sanchez,54.0,East
54bbbcf8-28fe-4761-8d49-fe3f2ca8f783,Tina Hall,48.0,West
2fb70dab-2f38-4b43-a137-f8e467b13040,Jessica Johnson,46.0,East
7317591a-3283-4aa4-a212-ab7c9d361cb6,Jasmine Bush,29.0,North
b4299924-c098-4750-8741-9b4834ae4abd,Amy Garcia,34.0,West
5da49cb9-2fdc-4992-8971-8eeadf3a098a,Jim Baker,25.0,North
f7464c02-8718-44c1-bd4e-d26edcd5bfae,Linda Carr,43.0,West
5a1baf0e-5911-46dc-9d3e-503a9645f0e4,Lisa Cervantes,22.0,Central
eb2ec80e-4c25-4823-8cf4-ffb0b4bba73f,Angela Anderson,58.0,North
1df05d18-4e2d-4255-bd13-1a3d1e2c2e7d,Michael Dixon,27.0,South
93267d25-234b-4562-98af-5cca6b11b7cb,Cody Reid,69.0,Central
ee4205ee-a52f-43ec-ab4e-2281b184d1fc,Ms. Katherine Taylor MD,37.0,North
dd92dd7c-0db9-47a9-9e91-a71c7374ccbf,Adam Taylor,33.0,North
8fc3d7d3-f6bd-40c7-a24a-2a50d0b1fde0,Kathleen Cohen,53.0,West
71a0449d-d703-462f-b5cb-e3f56a66c184,Bradley Johnson DDS,56.0,Central
398f569b-465c-42cb-885e-b4894ac66780,Carol Ellis,68.0,Central
7eccdaf4-c413-4dc2-85c5-ae8abe15ad12,Ashley Wilson,32.0,Central
fdab3441-d2c2-4960-8b09-01abc66dceb3,Rodney Williams,42.0,West
37f25d36-8bdd-4ee3-b0fd-6672b80f16c5,Ashley Greer PhD,46.0,East
0840405a-ffd2-4491-9ff3-89aa4c36a70c,Gregory Montoya,55.0,West
1e0d02b5-fe74-42cd-9d83-ad037066e289,Cynthia Cochran,37.0,Central
dc6dafff-59c2-4153-b06b-0f0c96822e22,Mackenzie Martin,57.0,North
d0437e4c-34e5-4699-88eb-e27a23a4e70e,Anthony Bell,57.0,North
2b1ac76c-89ec-4c51-98cb-aa5247f53019,Michael Roberts,66.0,South
83b0b35c-dba6-4df8-b3d0-4ffb44709848,Miss Anna Estes,58.0,South
0f2d5c15-eb34-4d3a-a95e-5ea9c9230c64,Sharon Martinez DVM,34.0,North
5274ee11-b61d-4906-a570-35db3fead90a,Pam Lowe,28.0,South
a1e518a2-93d2-48d4-a465-5c397d4d2add,Jason Hayes,29.0,Central
c4d598f7-e14f-4093-8b6a-d0c7a2356dd4,Jose Ramirez,22.0,South
7466ef02-5e7b-42c8-a097-dedbefb3b939,Erin Smith,18.0,West
17d821b8-bb93-4d40-98df-f535c62dbaea,Judy Beck,46.0,Central
cbb18c79-1036-408d-99a0-90075bb47c18,Claudia Jordan,48.0,East
52a74a41-44be-4486-bea5-a387363be5cb,Gail Lane,20.0,South
c9ce44bd-7c3f-4add-9a38-5db590eeb067,Michael Williams,36.0,East
d6321d31-c8ac-4fcf-a04d-4d14197dbae1,Caleb Mathews,62.0,West
fde91c42-002c-4c22-b4de-5f7070f81dba,Christina Barker,22.0,South
4d470ed6-a666-4769-a1d4-6f8221c50e41,Timothy Hill,34.0,Central
1519830c-4019-4303-9c45-7e4da79313b8,Steven Martin,60.0,South
b9da5f8c-4e35-4a80-a027-9a186576a410,Cynthia Rios,45.0,North
36a2c52b-0047-4139-985d-f528b4258e19,Casey Perez,52.0,South
02106371-0260-4123-b1ef-e72aae13591e,Ruth Mcneil,59.0,South
7a4a902f-21d6-4b0f-b1ac-040d6c1cc405,James Cross,35.0,South
5e1885c3-5037-4d6b-9a6b-6a7d1a38aad6,Breanna Ayala,22.0,North
a43e558c-2215-4f00-9fdf-0e05c0cef31b,Brenda Moreno MD,28.0,East
59e7703a-70aa-4b0d-aa03-8ad4a667b982,Lori Hernandez,56.0,Central
714011a1-afc2-4cfc-9db7-284b6965d1d1,Angelica Garcia,36.0,West
bae1e137-96ee-40e5-9f87-3b46c0a0473a,Victor Edwards,25.0,West
a505da9c-46e7-4a2c-bf6e-ed9d23cbe943,Juan Greene,62.0,East
f0f7ad22-c76a-4e0f-88f0-91f09b8b38ae,Sarah Barrett,62.0,West
9b5f8f39-848b-44f0-b498-17354d38e415,Nicole Phillips,35.0,Central
cb35097a-e5dd-48f1-88a7-38ab0df83e12,Kathleen Rodriguez,,West
122dd7be-980b-481e-a359-5d1f7fe4a42e,Vanessa Hatfield,46.0,North
6307d4d1-21c9-415d-9104-5a16ef15ab72,Laura Diaz,56.0,North
78946a15-c342-41db-ac3a-acdcaed54a46,Patricia Smith,45.0,East
373aedf8-431e-430f-8387-f74d1149d096,Antonio Mccormick,56.0,East
b66edbf4-a0ea-4251-8957-43a281b13b80,Jennifer Miles,19.0,North
89a3c811-895c-4fde-a3fa-40691519fd38,Diamond Collins,32.0,Central
f96c9a0a-3404-402a-abc1-bb5282e4dd4a,Kimberly Myers,55.0,North
a65be22b-d5a3-46d9-8362-a810a2611b8d,Andrea Hale,66.0,East
3d175712-d8b2-4277-b413-db19bade8d5d,Brandon Hamilton,54.0,North
0e165b12-9bdc-40d1-9cbf-7b8c74102d5d,Patrick Yang,66.0,South
23204ff5-b538-496c-833e-02f71e93d127,Carla Benton,48.0,Central
d28fcf68-c871-47b3-8468-b74d85e3ade5,Carol Martinez,59.0,West
bba1aed9-44cd-4fdd-9f9b-141ec7f7bda1,Patricia Johnson,35.0,South
861b4f5b-45a0-4539-ade8-370ace9e9ebd,Michael Ray,55.0,West
82c299f0-7487-4772-bf03-86fa13badc91,Jonathan Bradley,58.0,West
c5f8e2f8-414f-4994-a845-77805e20c957,Kenneth Sharp,23.0,West
00a85473-8242-4912-bda3-c1623a78b64a,Scott Sanchez,40.0,West
eb93f78c-620a-4158-9d2d-904f78c59073,Timothy Mathews,39.0,East
b6ca1127-e9f8-4970-8d98-f9e28d888beb,Jennifer Morris,,North
51e744e4-b864-4a08-aa75-752d6a8fcacb,Blake Watson,28.0,East
0d7bec04-e6e5-4b32-ac5f-12ef8085c147,Robert Jarvis,44.0,West
e0827f76-11a5-49b4-a6a3-02d6f43e8c48,Douglas Kirk,36.0,West
74ed5145-8d97-45c7-961d-5c8753c9fe59,Curtis Elliott,70.0,Central
3e19fc1d-9f6a-4a65-bd54-da044dcd0009,Kevin Snyder,20.0,West
bb82b796-3207-443e-86a0-7656c5c9fb91,Paige Sanchez,23.0,East
061efb95-68f8-4063-aeb1-9ad201a1fb0f,Gregory Franco,34.0,East
55c3b2db-f374-490d-8274-ce40e09016b6,Matthew Sweeney,25.0,West
34879e41-1a9c-472a-8eb9-047dba2ac3d9,Cynthia Vasquez,50.0,North
247296a4-ff38-4918-b8f9-a45d0f554896,Anna Morse,60.0,Central
69be173a-850e-40ad-9872-f72ee5b4a1ae,Jacqueline Villegas,,West
8163b6ce-1877-4c06-94ad-625215bc2a3e,Robert Jones,21.0,South
a995ecc3-6f5b-49a6-8ff1-c51f915cb31b,Cynthia Green,,East
64988bde-cd02-44db-ad11-15d750a46c85,Nancy Stewart,57.0,West
f18cccdc-131e-4723-bbcd-f203459ee674,Richard Richards,58.0,West
7316ce64-2a14-4a96-9b0c-62eb27c8fc6c,Jason Herrera,66.0,North
73b0d676-3527-45c8-8534-ca08f6f24d1c,Derek Wilson,31.0,East
4de1087b-afa1-4a55-8ebe-abaa28597b34,Melissa Williams,53.0,South
25f88c74-53ea-4919-9b48-62c2d5ff2a1f,David Kelly,36.0,West
4c80d33a-ad5b-43c8-8c88-0714837217e0,William Johnson,62.0,West
8e52fc42-73c3-44a6-9ac7-26b667863fb3,Danielle Murray,25.0,North
1f178f93-23c9-4a1e-8b37-1d97cdcc2d6a,Ronald Haas,58.0,Central
668c879b-d2dc-42c8-b2b8-d8aa21768dd7,Mark Newman,69.0,South
eadc9960-4242-41e2-960b-e0f495132c22,Alison Brown,63.0,South
cf2e3296-7184-4713-a55f-65b7e709fba6,Taylor Calderon,37.0,Central
f1394e3c-0aee-4557-9f5d-f91254e07431,Christopher Berry,18.0,Central
7f0223bc-651e-4252-b974-4cded259f960,Michael Thompson,44.0,North
46653497-2fe9-42aa-a886-a01136f7a26c,Stephen Johnson,32.0,North
a5b40983-3eeb-404a-9df2-372e9e825aae,Jason Pierce,,North
620d4a1f-479f-4628-9674-eb650f9c5300,Curtis Wilkerson,59.0,South
fe7c80e9-a179-4e93-bfc8-25ac869bc00f,Rebecca Mayo,49.0,East
7acc9970-5bee-4570-b69f-75c5c82ba1be,Kari Durham,50.0,East
453b45fe-636c-4499-9254-aad3809cd839,Francis Robinson,44.0,West
47eb340d-c74e-48ff-8f89-569de550d736,William Moreno,48.0,South
3b964c74-ffe6-4994-9580-4c2ac44fc4b8,Ariel Sandoval,47.0,Central
ca8e858c-d0f8-4063-889f-e107443b1d0f,Amy Davies,27.0,West
fb8fe8c4-d8b4-4ead-9360-8edf382b5b86,Heather Combs,30.0,Central
3c8e9d78-2d14-49f4-ac78-644fd86065a2,Renee Wolfe,50.0,South
b4157cea-0738-4ba4-9770-a3dbe9fa97e2,Theresa Elliott,22.0,East
d631c383-3030-44d0-b2c8-47439027e770,Sierra Vasquez MD,67.0,West
0e61065f-171b-4b80-89b7-fdf77d8d3ddd,Daniel Fox,,Central
9d37efb6-eafb-4e90-94ec-84ce002ccb25,Carlos Love,35.0,North
de4379cb-d823-4076-8d6b-b03beb3537a0,Alex Willis,36.0,East
1c654aa2-c63c-421d-a443-5958eacf33a9,Shannon Yu,55.0,Central
a981fa54-f121-4129-b45c-9a545fa3a531,Brian Turner,60.0,West
bb7b6c05-2852-4ca2-b9d2-014a22ee7f07,Rebecca Yu,,West
b509f08a-2c98-4bca-9139-7c06a630ad9d,Melissa Mcfarland,52.0,West
aa604892-3926-42e9-9b58-eb49c9784b52,Casey Parker,,East
2d7e4a45-2099-471f-8b65-7bccb0416f19,Tiffany Fry,53.0,Central
c55523ed-fe89-46c8-99cb-3540643ffdae,Amanda Guzman,42.0,West
9c8379ae-f7b0-4805-8f0d-f860ebc92914,Keith Zuniga,38.0,South
13eb22c9-bece-421a-94c7-743b2401342a,William Jackson,,South
d2586d90-16b6-4f61-b68c-62e6e2a45909,Margaret Tanner,54.0,West
35adde88-43e4-4668-82ea-d2df725656e3,Barry Scott,32.0,West
0c53644b-0053-4649-b86d-066b1ba827c6,Nicholas Costa,,East
e1bbb8cd-7e3a-4f07-a9fd-28e6e271fff9,Joshua Garcia,65.0,West
93fb71d0-dd32-4d9c-89ea-356a7abfcebf,Melissa Martin,63.0,West
088dbd82-d883-43f8-8c98-03de12de9e5a,Fernando Lynn,42.0,South
e34f76b4-2b8c-43bf-9780-be1712fecc2b,Nicholas Payne,49.0,North
5683ede0-17d5-4563-ba60-ede1e5eb772d,Lisa Webb,26.0,Central
a754a29f-f143-4545-ae6b-34b907ef2ba8,Steve Moore,55.0,East
f9722cc1-349e-44a9-94c2-9d5c19ec0829,Michael Bowen,24.0,West
a91cf192-43e8-444b-8a45-a905badf9397,David Williams,24.0,Central
7daec949-d700-4461-8cb6-b0ba925f8199,Isaac Patterson,47.0,North
a005f5e1-a97a-4846-92ea-ef184b6797a1,Christina Johnson,,South
fa207403-4ab4-47e3-a360-76812bbba89d,Ryan Parker,44.0,South
e516b0d4-7d35-42cc-b88f-d0cd65c06b93,Anna Stephens,22.0,West
61a66444-e2af-4629-9efb-336e2f546033,Jeremy Baker,68.0,East
d64acb1f-39eb-438a-836e-3c49770e09db,Antonio Goodwin,39.0,Central
ab0b4cc5-15f0-4a19-98c1-80d2aadf3692,Joshua Arellano,62.0,West
0f9ca17b-8db8-4adf-ba3e-46b096f84ff7,Sabrina Barnes,59.0,North
efb56207-ddec-440b-afe3-af13891778e8,Stephen Alvarez,39.0,Central
da9bccc1-e71c-481a-a511-e61a143665f5,Kathryn Lester,42.0,East
fb95d0fc-ad72-4d05-924c-de09ccea5031,Barbara Todd,58.0,West
2acb4fbd-fbff-4a7d-b2f5-b1762c41cbd3,Rhonda Martinez,52.0,North
aee14f87-fcff-49e3-940f-f5896c624c2c,Zachary Burton,57.0,North
51db1a37-4204-4733-9855-0b1ed5881c1c,Suzanne Jones,33.0,East
8d536c75-65b9-4e94-8e6d-e263635a775d,Donald Ellis,32.0,North
b34e356a-c95b-41f8-832a-461adf9b7c1f,Kelly Barnes,45.0,North
910c4cb7-25f0-4b0a-a64e-f59d6a18e5af,Olivia Ayers,66.0,North
c7903dc5-900c-4af7-9b0a-e22eecc817a6,Dustin Nichols,46.0,South
439e754c-6930-46ea-a0bd-a1ee5807cf74,John Lynch,62.0,East
67294d3c-4681-4a88-ac15-4804099759a3,Lee Steele,19.0,North
e1035e1c-e3bb-42ae-a552-ac5309eda6f5,David Reese,38.0,North
5f584603-e5a3-48e9-84c1-f1b5ebbbd763,Robert Turner,36.0,East
dbb54645-7dda-41b6-97c4-caed47c4cc51,Annette Melton,41.0,West
be64ac2a-f966-41a5-8cec-495b226716e3,Roger Adams,27.0,South
16db80db-a543-448e-9adf-e9816ab19e15,Daniel Holloway,51.0,West
84396fc0-c26e-4706-bc05-9799bdae8eff,Samantha Robertson,54.0,South
b5a6571c-4fa5-435e-90cc-460428b26b1b,Brandy York,28.0,South
2c7a0d31-0769-4583-9194-821ee11bf0d4,Ross Hood,23.0,Central
0cf173f9-74d9-41f5-8877-58043fde9814,Michele Hill,42.0,Central
659e0258-814f-4657-b6d7-0561d2d14ef5,Becky Johnson,61.0,South
7233d5af-9813-4da1-bd21-20ad5f59fb4d,Seth Matthews,49.0,Central
d6707a21-29dc-473e-9820-b3f25989dd6c,Nicole Barker,27.0,South
0cb5ee5c-62f5-47c2-8706-fec248fa4e98,Kenneth Hanna,47.0,East
39a0f145-a5ba-4050-b8aa-76dfdb6ba39b,Debra Ortiz,47.0,East
f796611f-c7c1-4b1b-9d58-631b052226b9,Alexa Buck,60.0,North
cd0579e2-99e4-404c-ac56-e0cda5ba2472,David Trujillo,69.0,West
b599277f-f78e-49e8-b676-291d4e329b4b,Jessica Bennett,36.0,Central
37dc8c78-4082-4cda-b580-e4e959450186,Michael Holloway,28.0,North
01e187d8-1a31-4044-95a0-f35665abc9ff,Mary Bridges,46.0,East
98017a2f-a5b8-4693-8fbb-a7495fcd859e,Elizabeth Rodriguez,55.0,East
46c79b36-fd05-4963-9616-af7e1057a002,Shannon Green,58.0,West
a6c681b0-e472-4be5-b3c2-944ab60a3dcc,Chris Cannon,62.0,East
db7904e0-ce30-461d-8e88-c8ece651e3e1,Lindsay Guerrero,47.0,East
06843c86-b8a6-4402-a3d2-6b8dae46024d,Yolanda Green,,West
bc9a7998-6365-4c2a-a793-cb096b271eff,Michael Armstrong,48.0,North
b69f5eab-b9ff-4c29-97d9-cbb0309e47ba,Joseph Glover,33.0,West
5bc677ca-abff-4286-b0cf-9d73e8121ef0,Sarah Pittman,54.0,East
4b356e9a-2e5e-4b6a-8ee9-581ae061f65f,Carl Green,54.0,East
e9a1c6d5-c34e-4baf-8f1c-b2ccceef9fa8,Michael Rogers,62.0,East
392c04da-5af3-4a5a-b8e5-9b2716dc5a6e,Elizabeth French,19.0,West
95e7f614-42b4-4281-9f26-946654d1332a,Samuel Ruiz,35.0,North
948f664a-9565-457b-a267-d32fddcbf4bc,Andrea Preston,54.0,North
ae423568-de14-453b-9eac-41d9801f4909,Edwin Brown,56.0,West
fe0a824e-232a-4e82-a699-6aabdaaf7529,Jason Hudson,,South
24aa5685-7523-46ce-bc95-0bbae8184f34,Mike Maxwell,56.0,East
fc9476b1-a18b-4d15-9527-34077cd2192f,Mark Smith,32.0,South
c606ddc4-c2dd-401d-b59a-15334605ec0e,Phillip Burns,57.0,East
2120bfba-1689-40b8-879d-db62c37944c1,Madeline Powell,61.0,South
0131ff3b-6221-4670-ba36-e788f71fb9a6,Curtis Watson,58.0,North
c1c0c5e3-527c-4f50-a45a-87e8039a8ed5,Cheryl Rhodes,58.0,North
39ec8ca1-3fb2-4f47-bbcd-6c18a06e8de5,Haley Anderson,37.0,West
4e5d8f12-96b3-4f4a-80da-a8ca62305d27,Rodney Evans,,Central
85319f0f-ba53-4122-b4b7-96204a73b0bf,Gail Barron,41.0,South
ff02f5b0-57bd-46c9-a240-063bfed747be,Heather Lopez,23.0,East
cfdfc6f9-eb0f-427c-a82a-3879f2b5a7ea,Darryl Acosta,38.0,West
059c1ba0-bbec-421d-b610-901c2196b3b5,Caroline Richardson,29.0,South
600c9c71-0990-4647-8ac8-d87ea689d07f,Dawn Nichols,26.0,Central
0c472187-fea3-4d37-980b-68530c7031eb,Martha Smith,41.0,Central
71be94c3-6ab1-4db6-9da4-66feb0937085,Joshua Wells,50.0,East
af8ca888-b1f8-4ad9-b49b-508927335670,Elizabeth Stanley,,East
9f6facc1-451d-48fe-8532-fc74a9987bdf,Breanna Rivas,70.0,West
9e21741f-b801-4026-82f7-38611adba8cf,Brian Rodriguez,69.0,East
c72850c1-3322-468b-9be7-8aec32da81f0,Joseph Harris,65.0,East
290e3e89-4b9c-42f4-a8e5-c8cdb4146e4a,Jon Clark,69.0,North
3c088990-54a2-4051-bb0c-cad9eee13cae,Michael Meadows,47.0,North
7e7d9a19-ab45-4578-92fb-acf6d5d1c669,Brandon Hunt,27.0,South
e79f9f3d-19ee-4c3b-b93c-4b0bb93b770c,David Hinton,61.0,West
0cd20e43-76da-4194-839d-b29d4bc81c16,Christopher Williams,69.0,Central
ad409244-cd35-46ef-9c37-07394a629c5e,Parker Davis,41.0,North
0279e2ab-0bbf-4334-a3ea-2d7fc219a845,Mary Jackson,68.0,West
f480b91e-700e-4efc-a4ff-c31a5b86ea69,Sherry Davis,18.0,East
1d24181c-2ed0-47d4-97bc-ad3ad0a17fe8,Victor Nelson,52.0,North
7a6e43d0-d9c5-4cd9-b09d-721b62be4009,Mariah Robles,47.0,East
b9f6143b-b238-4056-a1ec-47541cf14654,Tommy Moore,61.0,East
7b90942f-973b-4977-a946-28206a80cac2,Meghan White,55.0,West
9c81fc46-5bcd-436c-8777-4fae613758c3,Michael Roberson,70.0,East
7bab1baa-2172-40aa-a44a-913af933a9fa,Ashley Jenkins,24.0,South
a7ac590c-42f9-4f92-9036-ca810bc4d7ba,Michael Gregory,48.0,North
b9493906-939f-44eb-be5e-215ec47cc30b,Vanessa Santiago,57.0,Central
b0309aaf-85ea-46e0-84e3-b774569adef0,Anna Stanley,38.0,Central
a9e8f0d8-5883-49de-bb5f-be413fa2bde0,Janice Combs,32.0,North
9ce7eed1-fcdf-4961-a45e-2ad08eefa5dd,Mason Moore,58.0,West
7eef09ab-da14-4a47-b823-51d9d94df188,Angela Vasquez,62.0,East
47354e4f-f85b-4d0a-94b5-86353dab1614,Daniel Schneider,59.0,West
142e3df0-3c28-45dc-912d-aea8673d2920,Robert West,,South
50e96888-7273-4e7b-bf9a-d277db496e6d,Jonathan Valdez,20.0,North
092c4801-698f-44f8-a747-d24a1a46d536,April Davis,37.0,West
a335b2c8-9e7b-4e95-b692-641a9aad10ce,Jordan Clark,25.0,North
57423882-f34a-4949-b4ca-0ad7abe5be96,Anthony Walker,,Central
c47566bf-8f66-4bbd-94fc-286f74577d47,Kara Sandoval,26.0,West
18f1a1e4-1d30-4290-b3d9-2aceb7461b72,Courtney Peterson,47.0,East
ccc7147f-f6e5-403c-a237-9e6fd4734534,Joseph Park,60.0,Central
7e0f60b2-2a06-4609-a599-bd3c0bb81d38,Mitchell Griffith,44.0,Central
3227e8d8-9c60-481b-8119-1aa71b61d453,Timothy Long,65.0,South
30c9c51f-c80b-4af7-9315-fafa7500f785,Ashley Perry,44.0,North
ac117bab-d664-4fe8-a21c-0c06ed376567,Patricia Hayes,,Central
811317a8-f4c8-4393-96dd-6c82a8909e31,Jonathan Moreno,,East
6ecca931-ef70-4d01-8da0-3d880c6f3051,Karen Romero,,East
b11af726-2d5d-4395-a901-a768ebd14b0c,Monica Anderson,31.0,West
9b2d5a2a-99bd-4240-a853-5961632d0302,Kathy Cruz,46.0,South
b148b2a6-ea79-47e1-9be7-02abfac08fc4,Denise Stuart,41.0,North
ce072a52-73ed-4223-8b4e-f503f8722413,Jason Graves,61.0,East
d7d3b9d9-4c85-4233-8325-bd9ebf98e734,Shannon Joseph,52.0,East
37a3c30a-a1f0-4a7a-8db7-8572ef7db821,Marcus Roberts,21.0,West
21f6c63d-ac20-4f11-abd3-3927586528e6,Miss Tina Gordon,35.0,South
b5d9ad36-5287-464d-a30a-6658b1be6df2,Harold Castillo,25.0,West
b5caa993-aaca-4101-b153-0f689215583a,Paul Skinner,23.0,South
6c21835d-d8e8-497c-a0a2-59014932936e,Kelly Johnson,59.0,Central
0e7da698-ab95-472f-8d95-aaf5253421bc,Paul Martin,19.0,North
257c54bc-4024-4424-aef2-ab2f495fa2fc,Melissa Phillips,68.0,East
5bd29cb1-0845-4b2f-8a8a-4105c0eb8875,Ashley Parrish,33.0,South
396c357b-dd66-4071-8fd7-b1a1bd4f6118,Kristina Young,68.0,Central
b2357a3c-cc7f-4517-8bfd-4a31c8c85ad6,Matthew House,31.0,North
c9c1ad45-f4ea-4b97-aaa4-15b56336c815,Emily Arnold,66.0,Central
33fd862d-4057-4470-be61-27a80351b09d,Priscilla Berg,31.0,Central
a23ff67d-e957-4bc2-b9bd-8bd6d479cc36,Maria Fischer,31.0,South
324bcc3d-9a77-41a2-bd0b-0fa28beef83f,Tracey Phillips,39.0,South
13106665-aec2-4b19-bbc3-98d82d6bc882,Christopher Palmer,68.0,Central
4773e66a-6db2-4020-8a67-01436090103c,Beverly Silva,18.0,East
77617d80-549f-434c-8171-f5a74148bd11,Brittney Hernandez,27.0,South
c60ea4d5-0d04-4cb6-98cd-26555297e1ad,Lisa Stanley,52.0,East
8cd74c27-929a-4586-8a37-6c367d94bf10,Richard Stewart,69.0,South
85467426-2f12-4b9e-b4fd-25b7384f6e3b,Jonathan Perry,25.0,North
597278c5-1789-4e63-a746-5743897b303d,Daniel Rivera,26.0,North
f3476736-37ec-47a6-8b27-b0795c5d3f1b,Kerry Barajas,40.0,South
a6388854-fb2b-4b80-808b-d674d2dd3e26,Michael Griffin,55.0,East
eb29d912-9d1b-43df-a46b-6fcee78d147c,Tina Fleming,19.0,South
cbd431cc-ea7a-4c21-a1a1-a29c5228ed8d,Janice Fernandez,34.0,North
84517303-e94d-4fbe-8653-1d4748677b30,Jaime Lang,26.0,West
4be318a8-0b39-4ccf-bc9f-3bc37210045a,Cheryl Palmer,51.0,North
f8bca9ac-2ada-42ce-9890-99c9f2be029f,Kimberly Smith,65.0,North
a127dc6b-ab9b-453d-b5f5-c65410c2c2e5,Sharon Coleman,48.0,West
d428df6c-89aa-4293-b4a0-dcd41a9af29e,Vanessa Rowe,67.0,East
12767d13-f093-4776-9116-d014a5850828,Brittany Stevens,50.0,Central
12c0620c-1667-4518-89b2-eae654eb4c91,Robert Grant,24.0,West
e9366a85-3a46-4be3-9255-a4de9330ba83,James Mccoy,50.0,South
63b664f4-0452-4779-90ff-de646edaba8c,Kimberly May,57.0,North
bef6a59a-c186-4221-9030-56b79e4c24dd,Mercedes Jones,64.0,Central
4a32bb22-1b2b-42ec-80b9-ec30ed94898b,Elizabeth Miller,37.0,West
61a451ff-700b-4b43-ad3b-9d13c3e90323,Matthew Wells,59.0,North
bf2b43b4-22e9-4527-b849-1ecc889157fd,Robert Gardner,21.0,West
4c4d6e40-24e2-426c-a250-d133f5cb5be4,Suzanne Norton,43.0,West
f5179e72-5f85-4b21-a5df-6f85bab503fb,Kristen Peters,61.0,North
929daf9f-0149-42af-8ab1-a5041f8c56e0,Kimberly Arroyo,49.0,West
bdce635f-bf90-4d6a-b5c6-06b54e003d55,Hailey Gutierrez,22.0,North
2477f047-8336-4758-99f9-3502a55bc44f,Daniel Davenport,38.0,Central
abc53545-2e6d-4a04-9d57-e73431bf5cf6,Sarah York,27.0,North
8c8181b4-fe8b-4ccb-bd75-a5f3eeafca83,Joshua Roberts,26.0,East
3289f58b-1923-4afc-802d-105b113eaf84,Katelyn Rivera,57.0,Central
3c0a584e-a7cd-43cb-abda-06b220d2b528,Manuel Mccullough,53.0,East
540e7d01-735d-48f3-bc61-66df515a6b43,Elizabeth Silva,42.0,Central
cec56969-5d4f-4107-911d-dc7990c80420,Jeffrey Smith,51.0,East
b652ae99-38b5-489a-8921-057c3f05557c,Jessica Larsen,47.0,Central
54e14f3a-bba4-4ae0-adf8-f7672261ddef,Julie Howard,56.0,West
1bdc74a9-8d3a-4d76-bcaa-281b4e336644,Lawrence Wilkinson,24.0,North
e42c0aea-23d7-463d-9391-d017dbd4a86d,Deborah Mercado,59.0,Central
e4610160-134d-495a-ba38-8c8f139309d1,Jonathon Johnson,64.0,South
c4ea4ece-67b6-4467-9432-d79794f6c67a,Susan Arnold,45.0,West
8a284792-ffac-4645-a4dc-43068b20ce3e,Reginald Diaz,32.0,West
96f01335-c5ab-48da-a435-4021392a9fc4,Donna Marshall,39.0,West
5d264b1b-6593-4659-972e-8c6882aa5c46,Mary Charles,43.0,West
af2537f5-9d31-462a-bb5a-bb36ce7968b7,Jose Griffin,64.0,North
90d9170c-f2de-475c-90fc-c9f12ddc756b,Tracy Fitzgerald,38.0,West
0a58f43c-5bda-4655-b06d-ca247bc6e121,John Brown,38.0,East
ab286d09-0af5-4e60-bbe8-a5df5e934de0,Terry Ward,41.0,South
e1ad640c-7463-435e-aafb-9f20783c91eb,William Nguyen,61.0,West
a2317211-8578-41c6-b7eb-c69ab4280f0d,Sandy Baker,22.0,North
606cc2f5-2c81-4bf0-91f6-04068b5a8683,Holly Valdez,23.0,North
4067f790-8444-4504-93ed-280ad5e14d1f,Terry Black,45.0,North
585409d9-de22-4c3f-9136-6db15a578607,Mr. Larry Shaw,65.0,East
3ae0acdb-2a65-44af-b09d-338b23936d45,Mason Lewis,69.0,South
9a1e0036-5cba-4496-a848-92402fd90ce1,Bailey Hall,53.0,North
1d03c3d5-b862-4cc3-9489-9c37cfa9026b,Mr. Daniel Martin,55.0,Central
3e612d66-05bf-4618-a930-b0c4d5576899,Kenneth Martin,53.0,East
e40b50e4-0a08-4989-833c-8f55a1298fa2,Amy Scott,60.0,North
67cbfc39-f54f-4b92-8442-906f2e16f0b6,Kristy Smith,44.0,East
d240ef02-a968-4fc1-ba5c-865db8344070,Brady Cole,60.0,West
7b4e9ecd-de07-47b1-b8ae-8d5dfe268e77,Ronald Burke,64.0,North
c47a3b7e-d209-483b-9528-4c0acb6bf562,Matthew Baker,36.0,Central
ec1f41ce-57b9-4dfb-af82-e70cb9644e4f,Kevin Hall,37.0,East
043d72db-1bcb-404c-a1d8-b96a62ada157,Scott Gordon,24.0,Central
9b02c535-2649-4478-9396-6f0a6b77af9e,John Mendez,50.0,South
880bcb0e-c8ab-46ac-a0b4-659a09fe4cdd,Autumn Olson,27.0,West
8a0ea57a-9a7d-409d-a6e8-790b215d3b1f,Stephanie Hampton,32.0,North
6bb1f2bc-85a4-40cb-ae76-936aa6340d1a,Andrew Moreno,40.0,Central
7b6c7129-cd63-4ba8-b03c-664b3abf9c65,Jane Chapman,41.0,North
d6521e08-c2f4-4c10-a869-707cbdcbfffc,Anne Anderson,66.0,East
e8fb5a96-3b85-46e1-840f-54057a25ed81,Diane Mcdowell,54.0,South
01667221-3063-4e7f-81ff-81d1689d1205,Rachel Lane,69.0,West
6001f54d-01d7-4831-850f-1cdc1e2a03f1,Melissa Stewart,53.0,Central
6d130705-279f-41ab-9b49-09b65cbdb682,Dawn Wyatt,57.0,Central
9ca4364d-5d9a-49f1-908e-3a956c6e8796,Michael Fischer,19.0,Central
8ebc6d7e-c8a6-4b85-8d56-bff669c9520f,Mr. Justin King,60.0,East
c6319c16-5827-4c1d-93e0-f2354e80d10b,Nancy Wyatt,19.0,South
3ad24ac8-bf70-4042-9e7c-6795a8c6c2df,Michael Martin,35.0,East
c93c9cc6-668b-48da-8222-cd7f36e6ba85,Joshua Terry,39.0,East
639c4c6c-2926-405d-8d53-551ab4f02f6f,Abigail Davis,18.0,South
99a9af6a-ed05-4732-b8bf-46fa25343e85,Austin Walker,27.0,Central
b9787c4b-09aa-4570-9be9-50c7147d7bfc,William Mendez,60.0,West
f6a9e3e3-b62b-4cb1-8956-0c3685609e8a,Theresa Wilkins,22.0,South
02bdeabe-7060-48eb-be8e-ed12a3ea21a2,Matthew Lara,65.0,North
c8b190e1-089a-4f4f-b1da-e8174937b90f,Kelli Hall,23.0,Central
5c17ebb5-093b-4d72-ac8c-dcaf2b633b18,Aaron Moore,31.0,West
66414954-c798-4445-86a3-cc71ff2f6883,James Willis,44.0,West
b4209103-bca7-46eb-83ef-0f77848ac924,Brandon Mitchell,39.0,South
953b0f1f-ea3e-472a-8f22-1604d46b7756,Victor Hill,41.0,East
746b161a-31cc-4738-b68a-e9b79b3aa1d1,Laura Green,64.0,East
8f026c2c-1b41-4999-8198-d1f56839f98f,Edward Arroyo,67.0,Central
41f83199-f4ea-4769-8366-c189cd8d9f75,Robin Andrews,56.0,North
60885550-f74f-4900-b159-4914b1b68ecd,Patricia Todd,21.0,South
ae7cfd14-7577-4730-868d-a4b2f613bda0,Kevin Johnson,,Central
61f6dfbe-114b-4c79-8200-79f51dc3c26e,Wendy Rhodes,21.0,North
6994bf84-50d3-4a03-8cd7-608f3adcb38c,Kelli Smith,35.0,West
498bcf67-3f8d-4f96-836a-e2bbd5098e07,Michael Nicholson,60.0,West
2db13deb-ee6f-4bea-8df7-164713769ff9,Hayden Shannon,49.0,Central
bf0418a9-f276-4513-aeca-f62944e22691,Susan Porter,46.0,West
3df76a69-bc45-444a-bc1f-dff0331d58bb,Christine Harris,35.0,South
5b249c2a-9e5c-4dcd-961a-080a3fec0a37,Brian Mora,66.0,Central
7e1f48c4-a9d6-490d-b4ad-fa22ad0205f5,Pamela Weaver,,East
5f06bc76-7b77-4e71-9917-38f80ad1c18c,Katherine Galloway,45.0,North
4654e77d-de67-4278-9313-b3a7e5a1c6e4,William Moon IV,36.0,Central
20d4ba18-93a0-4478-800b-19de38db128d,Robert Mendoza,49.0,Central
58e7edf8-80a2-4721-8856-06848a6fc4b3,Michael Thompson,60.0,East
84a91789-b2c0-47e8-9ed0-72e9f9fc6034,Michael Smith,20.0,South
19ca9c1b-94bc-447a-a122-318935f3de4a,Louis Green,43.0,Central
44f7f01a-3cb5-46d7-834a-130e8c6ea6ad,Louis Diaz,21.0,North
6b49acc6-35e5-44e0-ac87-85467faf6458,Jacqueline Dickerson,31.0,East
9247e851-2e0d-4860-b362-f9b74795cd1d,Kenneth Perez,31.0,South
cdd8af09-451b-4267-b887-5caf1991103f,Jeffrey James,66.0,East
bd1116ee-f58a-47c7-8ccf-4130255603d4,Robert Thompson,36.0,East
e4ad5e9b-fedd-42d9-a26c-bc6a7fe5a4b6,Kelly Le,25.0,North
403fd582-4ccf-4a4b-bc93-243ec90b9454,Laura Ross,49.0,West
3728ddc2-0f5e-4b47-a9d0-c613b0c77002,Karen Soto,29.0,South
42803aa0-55ac-4d06-be9d-a9517329af6e,Justin Frederick,42.0,Central
696929b2-0513-4da8-9819-93cc41f9994a,Sean Mccarty,63.0,South
a65d958e-936d-41a8-93ac-b00e32eeeb38,Carrie Deleon,50.0,Central
82ac7e1d-ac56-4da6-9339-1df45ae86d18,Dr. Steve James,60.0,East
f4e35f7b-a1b7-43d8-b6b8-74d349599bed,Christopher Morton,22.0,West
9cc05b67-a19b-424a-abfc-2a47565f1491,Sarah Jones,65.0,North
50405c43-3a6c-4da6-97f7-d71f2978cc73,Eddie Adams,45.0,North
e33fc52c-4570-43e4-a53c-8f74a5076897,Scott Cox,47.0,North
73461e07-f72c-46c8-855c-0a9796405fcd,Clinton Johnson,38.0,Central
406bf02d-a97a-4f4e-bc10-871bba4f4b03,Mercedes Miller,45.0,Central
18763576-1a5e-4196-a5a4-c79b2abaa4f9,Shawn Kelley,43.0,West
8623bc74-65a2-4cc8-855b-e95d06bfd9c4,Angela Baker,36.0,North
ee7ca782-a7a3-4d25-9595-6c4227c00f89,Ellen Wright,,North
205c8491-a061-49db-b172-f63648bfb602,Ryan Johnson,38.0,South
ea4f4a80-dc41-4176-9b59-f28ea9de5b26,John Proctor,69.0,Central
8c6d768e-45bc-43ba-af52-d36e8a63b93c,Wayne Wolfe,47.0,East
74e0079a-98fb-4727-9740-b2122d5245f4,Madison Elliott,,West
88a613b4-a3b8-4f92-a3c9-0c6a86017633,Gregory Fernandez,24.0,South
4ed0730d-711d-41dd-96ed-0330ce015413,David Torres,45.0,Central
c21f84fc-d0bc-4ad5-85f8-0d9b00060d5a,Hailey Harrison,43.0,Central
7def3b8e-ec0d-4c3a-b011-b125022111e5,Karen Smith,23.0,West
98d53cf5-4afc-49e8-8c47-6b726e310234,Adam Brooks,37.0,East
6fe633f1-8f80-4d8b-a1d5-5f8569678586,Christopher Mclaughlin,32.0,East
3878becf-60dc-42eb-9413-c85063c4e76d,Jay Allen,67.0,South
9cfbbce7-e8f2-4584-8cca-1e14c3b8c80f,Melinda Mitchell,22.0,Central
44d18524-cf0e-4567-882d-7fc1be3074f8,Scott White,58.0,North
74915c14-a30b-469c-9c40-50454a22eae9,Denise Dean,51.0,Central
26f341c8-04f7-48c8-9215-b5033012f819,Joseph Lopez,30.0,East
200291bb-44e9-48fb-8838-a8881a2e9864,Monica Hall,40.0,South
3799a376-7e5b-4ac9-83c5-01fe269334ef,Eric Lloyd,33.0,North
b26a51a5-76b4-4672-9f13-e10bff7a884d,Erin Bridges,27.0,East
4439940d-0e58-4770-a566-0316f39ef1be,Andrea Harrison,30.0,South
4005353d-d76f-4e65-a54c-87393133839e,Sandra Martinez,56.0,South
62821d61-3fbb-4f57-b6f5-6f1cc4a531cd,Jessica Rojas,66.0,North
bc3e1d19-75f9-4230-b2fd-73c508942176,Kelly Hendrix,29.0,West
f6121d2c-ae73-40eb-a39d-8fe7790b185c,Frank Soto,47.0,Central
8cb1457e-effa-415b-bea6-450f0accb23c,Dawn Little,66.0,Central
0d559b64-e334-4bac-9c44-ebd132df8d45,Claudia Rodriguez,46.0,Central
03db7a2e-5313-40e0-af25-37cea206527c,Donald Wilson,59.0,Central
f80590f0-0249-4a09-be3b-1a40ca0553a2,Richard Alvarez,38.0,East
c552f3c5-5f13-4b98-a7ad-8d5198a15e4f,Christopher Davis,27.0,West
f83b1806-ee4c-4b18-96a2-d49d9e5f8273,Lori Brown DDS,22.0,West
1b7e0502-ca9d-4831-894e-7397b38a3db1,David Holden,,East
58e9d0aa-c1b6-4dd4-a507-84cbc9df301e,Jessica Lee,68.0,East
b972393a-5bb0-4d76-a0b5-7717b072afc8,Steven Washington,55.0,North
8af09ec3-4b72-4a7c-8f1c-3fa070000009,Cheryl Lopez,40.0,Central
77e8b762-bb7e-4979-92dc-bffd59008d65,Ronald Rocha,22.0,East
87f89f62-11a1-4557-a90c-44148df50b01,Edward Baker,47.0,West
c6a28e4e-002f-4ca4-b43e-85315dfb1922,Jamie Lopez,20.0,North
5d340833-db59-4a19-9ea6-ed4a04cad30a,Cynthia Le,41.0,East
d1ad3e51-89f9-4de9-b798-0131a885a7b4,Joseph Jimenez,22.0,North
487b25d7-9cf0-43dd-a775-29a28d2cfe83,Martin Rodriguez,57.0,Central
0b34fc84-1111-4e29-a8ad-153985f0786a,Beverly Russo,50.0,West
310dc9d1-7c41-4a2a-9b67-f7bb33bb7382,Kenneth Huff,47.0,Central
9fbc879e-869c-4a8e-bd6a-b7c2a86d8706,Dawn Diaz,53.0,North
03599c6d-1224-4bd2-b7c4-b3ee9b1fc6d1,Christine Henry,46.0,Central
77d2b94f-1478-4c9d-9503-0b43e3c7ca9a,Amy Grant,,South
d2705470-6a7b-48b1-a3f3-42a8f030bfd4,Michael Colon,38.0,Central
bbfb1b71-0a68-4eb8-876d-e8c5440c7e5b,Eric Blackburn,48.0,Central
19e9e3a4-18dc-4eb6-84fc-fcb0f5e90352,Kim Lopez,27.0,North
91ed554a-3fae-4f01-a829-0f3c86b4852c,Cassidy Curry,46.0,North
c42b266b-1b02-4a24-bf00-f56c6a4989a6,Heather Ellis,69.0,East
1aa67474-e200-4157-ad54-c95aaa4d52a8,Christopher Morales,63.0,North
88adb388-287e-4086-a854-027e56673e49,Mrs. Heather Edwards DVM,50.0,South
698f546d-5f29-4290-9848-5a54531c8812,Jessica Swanson,20.0,South
8bae295e-902a-405c-bd9f-fe599bc0fa93,Ralph Howe,63.0,West
73d0b6c7-f62e-4f88-9c29-850b410bfc29,James Barber,46.0,Central
042c65ad-9883-49b1-88d3-d2cefba3091f,Wendy Turner,51.0,Central
36fea0b4-38cd-4122-bc01-45e14ce2afa2,Alison Short,28.0,East
eb4aede6-46a5-4064-9284-b528b0916fb7,Kristie Howe,41.0,East
75dacbbe-09a9-461a-9823-3383279b637c,Charles Richardson,42.0,West
4199322e-3ba5-4126-bff6-9f4195082801,Anna Ross,67.0,East
13c37b5d-bbf8-4a91-b7a9-f824eafa4d5b,Rebecca Thompson,61.0,Central
b3edd6ed-b089-4de4-a626-7164d3616b3a,Susan Larson,21.0,East
ceef7261-bb15-42ea-8991-2f464ce6928b,Angela Brown,22.0,East
e13a14ca-5911-442e-959a-8f54c559cd0f,Jennifer Parrish,24.0,Central
bf67de42-3a0a-4b59-8538-4872deaa543e,Lindsey Smith,,West
0ddb545b-61ea-4a65-a1d7-70eac704e80e,Andrew Fernandez,36.0,East
b2a0f778-809d-4444-93ab-3cce264ae04f,Anthony Dennis,64.0,Central
c0ba22a4-7213-47cc-b896-17fa6493f5ef,Kathy Walker,27.0,East
25e42403-64f2-402e-894f-6ed34a2f3876,Bradley Duncan,23.0,Central
4336ffe5-6631-46a7-8c53-b74c0c9fa6e6,Jonathan Ayala,60.0,South
7b1dbca3-2286-43f8-8314-96ea2160446e,Katherine Pearson,40.0,East
ff408dcc-9db1-47f9-8fa8-ae3432339053,Danielle Jones,59.0,West
af4afcdd-52cb-4ae0-ae18-c9b3c6da85f1,Ann Powers,26.0,Central
30c3ef8a-592a-443d-9d82-2e3a6c6d282b,Kirk Johnson,,North
5987038a-fcd6-418e-ab54-500d4e089bb4,Wanda Ramos,37.0,Central
ec993c80-0b7d-4856-b0c2-360025545c1a,Christina Brooks,42.0,East
15f7ef61-da4e-404c-ba7e-1b86c1fad753,Anthony Rush,70.0,South
d51b1974-de66-4dd0-a5ce-2a21ed3e2846,Alexis Benson,60.0,Central
789fed96-7337-4c2f-8e1c-37621c7cb6ed,Daniel Medina,23.0,West
c017466e-85f4-40a2-8be2-7516342c5348,John Blair,50.0,East
ab132032-b2e1-4f66-b1f0-2ea8242f5829,Kevin Alvarado,19.0,East
0f635f4a-2b9a-418e-8165-964c0b21a308,Richard Williamson,37.0,South
f1f71605-a79e-4626-b707-ac0e0d96feb3,James Nelson,31.0,East
5c375254-a8fc-4690-a9b1-c4a1da221b85,Alicia Dillon,67.0,West
fad3b44c-3b2d-4dc9-a2f3-2faea63fcf12,William Garcia,30.0,South
98dbf732-dde4-4194-bc12-d19850c1b8f7,Charlotte Mason,26.0,South
b6646199-ed25-459e-8f89-37fa753e9662,David Moreno,22.0,East
be9063fb-64b5-49a5-bd6c-3d2a5564d1d3,Gregory Bell,68.0,North
fef97d57-3c77-4a4a-8d65-4036a00f230b,Kathryn Cain,50.0,Central
631d9c8b-e0f0-4e79-81f7-4651a033edad,Robin Johnson,65.0,Central
39bfc9b6-47ba-48aa-b2f9-4b2c8e10814f,Steven Sandoval,20.0,East
854dc3bf-61d8-4365-bada-0c941679bbe0,Lisa Garrett,67.0,Central
92a97acd-3d88-4938-aad6-5b8c3a38b844,Wesley Browning,26.0,Central
21bbd183-8acf-44d6-b2fc-c072544c0132,Charles Weaver,42.0,South
235b275b-dcd2-4b97-b3ca-9a6bccd3af7c,Michael Mills,28.0,South
e8b45c6a-fee5-43b3-ae18-b184229fe85b,Brianna Fitzpatrick,62.0,Central
115c42cd-5147-4e86-a875-d40aeac7dc2e,Tiffany Wilson,69.0,South
2540fbfe-e12f-46cd-96ea-f269514e1353,Pamela Beard,64.0,West
4da838b7-6947-4bac-b610-f40d69fe890f,Timothy Shannon,20.0,West
26e6a84a-4617-4161-bd03-d33beee9795e,Ashley Lopez,41.0,South
9df034d3-9caa-437c-bc67-95e2c32fc21b,Keith Hall,46.0,Central
06ad7920-aff7-4f5d-bb1d-12cf3b705092,Michael Woods,36.0,West
7800e27a-9ace-43cc-989c-83f68098580d,Jacqueline Christian,32.0,Central
29ede760-2334-48ba-b94e-08387dcf60fd,Andrew Duran,33.0,East
f3402dd3-4515-45b9-ace9-504b03d7f962,Patrick Mcneil,69.0,West
2d54ff2b-10ee-4f77-b45e-2eafc1fda581,Victoria Camacho,30.0,East
dde4f5c1-532c-4c01-b017-c5337d6ce5c3,David Sullivan,61.0,Central
d3073198-bc3e-4402-9ba1-4c350ab5207f,Erik Carr,46.0,West
8941bdd3-9803-482e-926a-4bd0be125f8f,Sheri Buchanan,67.0,East
74f76d09-739c-4fa5-9bfc-270c85494255,Amanda Forbes,67.0,West
fbdc532e-6546-466d-89b1-cad184c9b276,Kristin Black,50.0,Central
309a083a-0c9e-4060-b66c-7331a1722ee3,James Torres,44.0,South
2a9edda7-761a-4914-8931-b2d4d3def87c,Louis Brown,70.0,South
76ad1c33-2469-40c2-a757-499784581f73,Jocelyn Sharp,69.0,Central
95dfe6cb-c75a-4c94-ae05-7f791cf8d03f,Melissa Taylor,26.0,East
0660a3e9-736d-417c-92ce-55e369df05c7,Kevin Marquez,21.0,West
171603b1-7466-4e6f-a1ee-b1f133b1d0dc,Michael Meadows,41.0,Central
bbb71494-b7e7-47d4-a9fb-832ccbe68571,Brian Cole,24.0,Central
b5103e9c-8618-440d-95d6-a6585ce9dbbc,Richard Hunt,25.0,East
8ce377d7-60f1-4528-a8ef-2f46f323123e,Randy Barr,23.0,South
dcd81a8b-a8d6-4af6-9f0d-def190c40e45,Sean White,35.0,West
4edd2a2a-6b69-44ae-8d22-af35b648be8a,Randy Griffin,50.0,South
e606d7c2-1e18-446d-ae42-1840a05f36c8,Dale Dean,45.0,North
7f6485de-7569-4aef-8320-0c4e40cbe188,Kimberly Smith,32.0,West
37850b5c-3ce5-488c-be53-d702e1f8d192,Karen Ortiz,40.0,North
01aec505-99a0-4abb-99e9-54331453e17e,Joshua Harvey,44.0,North
3527bcee-d343-4f88-91f3-79b18ebb8208,Charles Delgado,43.0,Central
084d7822-da94-4e70-a537-41e409668d08,Sara Evans,41.0,South
1be00f8e-0c8d-41d2-9673-aefbeb9e54e0,Christopher Powers,,North
b3292925-b107-494e-a932-5ae19c7060da,Rachel Thompson,41.0,South
5c3552b3-9437-4280-bfd4-67e77491050c,Anna Evans,19.0,East
d1fcdedd-6102-4b56-a5c4-82ff5e5a90c1,Jeffery Pierce,24.0,East
1f3cea1d-2271-47ca-b887-73ed4af715b7,Denise Rose,68.0,South
35845d71-b221-41c5-b5b8-6d0a864f36dd,Ashley Blair,26.0,North
16718639-fcb8-4f9e-8769-0baaa104bdce,Mr. Timothy Andersen,36.0,West
d90949aa-9bdd-4d7a-ad53-628b49851b79,Joseph Carney,62.0,South
9d421bae-2134-415b-ad56-c7145a9621f5,Kelly Welch,66.0,West
e237c877-2e0e-4673-8ed7-cd177e14c595,Michelle Krause,46.0,Central
7702beba-0623-4fbf-9e42-d2b800679b62,Bailey Charles,18.0,North
6a25542e-ffbd-4cdd-9d84-d303ccb03fc5,Gene Castro,19.0,East
a3ff8fd2-02e4-40aa-b65b-c763a3336ea8,Douglas Tyler,31.0,South
8ccc617e-81b6-4951-8cdf-697f4eca2e96,Aaron Jennings,,Central
91a4d796-b972-4eec-a563-7d1f57637902,Alyssa Thompson,51.0,West
ec1a86d3-5683-4783-9575-9337549c9eb9,Sydney Robles,25.0,East
27c7655a-7b43-4a72-a2c0-c475a54976d0,Stephanie Herrera,33.0,East
4654e77d-de67-4278-9313-b3a7e5a1c6e4,William Moon IV,36.0,Central
8b9d2434-e465-4150-bd9c-66b3ad3c2d6d,Javier Johnson,19.0,East
0e61065f-171b-4b80-89b7-fdf77d8d3ddd,Daniel Fox,,Central
e1035e1c-e3bb-42ae-a552-ac5309eda6f5,David Reese,38.0,North
698f546d-5f29-4290-9848-5a54531c8812,Jessica Swanson,20.0,South
e79f9f3d-19ee-4c3b-b93c-4b0bb93b770c,David Hinton,61.0,West
eadc9960-4242-41e2-960b-e0f495132c22,Alison Brown,63.0,South
9ea9f508-3122-4592-bdb0-2235261e2555,Robin Adams,69.0,East
57423882-f34a-4949-b4ca-0ad7abe5be96,Anthony Walker,,Central
34879e41-1a9c-472a-8eb9-047dba2ac3d9,Cynthia Vasquez,50.0,North
